Nombre de Empresa,Capital de origen,Presencia mundial,Tipo de empresa,Actividad Económica en México (código SCIAN),Localización en México,Número de UE en México,Proveeduría a la industria automotriz y otras,ACO,Clasif. interna,Tipo de empresa
Amphenol,Estados Unidos,"Finlandia, Alemania, China, Taiwán, Japón",TIER 2,"334220, 334290, 334410, 334519, 336320","Baja California, Sonora, Nuevo León",31,"Conectores automotrices, sistemas de interconexión, sensores, sistemas de cableado.",CLAUGTO,1,TIER 2
APTIV,Estados Unidos / Irlanda,"Alemania, Arabia Saudita, China, Corea, Estados Unidos, Francia, Hungría, India, Irlanda, Italia, Japón, Macedonia del Norte, Marruecos, México, Polonia, Portugal, Reino Unido, Rumanía, Serbia, Singapur, Suecia, Suiza, Túnez, Turquía y Ucrania",TIER 1,"334310, 334410, 336320","Baja California, Chihuahua, Coahuila, Durango, Nuevo León, Sinaloa, Tamaulipas, Zacatecas",35,"Arneses eléctricos, electrónica de arquitectura, software y sistemas avanzados de asistencia (ADAS).","INA, INDEX Juárez, CANACO",1,TIER 1
BCS AUTOMOTIVE INTERFACE SOLUTIONS,Alemania,"Estados Unidos, China Reino Unido, Italia, Alemania, Rep. Checa, Rumanía, Polonia",TIER 1,"334410, 336320","Querétaro, Tamaulipas",2,"Sistemas de dirección, interruptores, paneles de control integrados.","INA, Clúster Automotriz",1,TIER 1
Bourns,Estados Unidos,"Estados Unidos, Costa Rica, Alemania, Hungría, Reino Unido, Irlanda, Eslovenia, China, Taiwán, Japón, Corea del Sur, India, Singapur, Túnez",TIER 2,"334410, 336320","Baja California, Chihuahua",4,"Sensores, potenciómetros, componentes magnéticos y protección de circuitos.",INDEX,1,TIER 2
DENSO,Japón,"Global (>30 países, HQ en Japón)",TIER 1,"334310, 336310, 336320, 336390","Coahuila, Guanajuato, Nuevo León, Tamaulipas",8,"Sistemas térmicos (HVAC), radiadores, alternadores, paneles de instrumentos.","INA, CLAUGTO, Clúster Automotriz",1,TIER 1
FORVIA,Francia,Global (HQ en Francia/Alemania),TIER 1,"334310, 336320, 336360, 336390","Coahuila, Nuevo León, Puebla, Querétaro, San Luis Potosí, Sonora, Guanajuato, Jalisco, Estado de México",32,"Asientos, interiores, sistemas de escape, iluminación y electrónica (Hella).","INA, Clúster Automotriz de Puebla / Querétaro",1,TIER 1
FURUKAWA,Japón,"Estados Unidos, Colombia, Brasil, Argentina, Reino Unido, Alemania, Dinamarca, Italia, España, Hungría, Hong Kong, Taiwán, Corea, Tailandia, Malasia, Singapur, Vietnam, Filipinas, Indonesia, India, Japón",TIER 1,"334410, 336320","Baja California, Guanajuato",2,"Sistemas de dirección (Steering Systems), arneses automotrices, componentes electrónicos y terminales.",MEXDC,1,Por definir
LEAR CORPORATION,Estados Unidos,"Global (>35 países, HQ en EE. UU.)",TIER 1,"334410, 336320, 336360, 336390","Chihuahua, Ciudad de México, Coahuila, Guanajuato, Estado de México, Nuevo León, Puebla, San Luis Potosí, Sonora, Tamaulipas, Tlaxcala, Zcatecas",49,"Sistemas de asientos completos, arneses y sistemas de distribución eléctrica (E-Systems).","CLAUGTO, CANACINTRA, CCE",1,TIER 1
MAM DE LA FRONTERA,Estados Unidos,"México, Estados Unidos",TIER 2,"334410, 336390",Baja California,2,"Maquinados de precisión, componentes metalmecánicos y ensambles.",INMEX,1,Por definir
Maquilas Tetakawi,Estados Unidos,"México, Estados Unidos",EMS / Shelter / Servicios,"334410, 336320",Sonora,9,"Servicios de Shelter, alojamiento industrial y recursos humanos para maquiladoras.",INDEX Sonora/Coahuila,1,Servicios / EMS
MEFASA,Estados Unidos,México,TIER 2,"334410, 336320",Sonora,3,"Fabricación de moldes, troqueles, y maquinado de piezas para la industria automotriz.",CANACINTRA,1,Por definir
OSCA-ARCOSA,Estados Unidos,"República Checa, Indonesia, Malasia, Tailandia, Camboya, Vietnam, China, Estados Unidos, Japón",TIER 2,"334410, 336320","Baja California, Guanajuato",3,"Estructuras metálicas, componentes de acero, recipientes de presión (transporte pesado).","Cámara Japonesa de Comercio e Industria de México, A.C.",1,Por definir
ROBERT BOSCH,Alemania,"Global (>60 países, HQ en Alemania)",TIER 1,"334410, 336310, 336320, 336340","Aguascalientes, Chihuahua, Estado de México, Querétaro, Sonora, San Luis Potosí",10,"Sistemas de frenos, inyección de combustible, sensores, motores eléctricos, multimedia.","INA, CAMEXA, Clúster Automotriz",1,TIER 1
Sanko Electrónica México,Japón,"Japón, México, Asia",TIER 2,"334410, 336320",Baja California,2,"Ensambles de cables, arneses y componentes electrónicos automotrices.",INDEX,1,TIER 2
SOLUCIONES INTEGRALES DE INGENIERÍA,México,México,EMS / Shelter / Servicios,541330,"Querétaro, Guanajuato",1,"Automatización industrial, celdas robóticas, diseño de fixturas y herramentales para OEMs y Tier 1.",Clúster Automotriz local,1,Por definir
VALEO,Francia,"Global (>30 países, HQ en Francia)",TIER 1,"334220, 336320, 336350, 336390","Chihuahua, Estado de México, Puebla, Querétaro, San Luis Potosí",14,"Sistemas térmicos, limpiaparabrisas, faros y sistemas de iluminación, asistencia a la conducción.","INA, Clúster Automotriz",1,TIER 1
YAZAKI,Japón,"Alemania, Argentina, Bélgica, Brasil, Bulgaria, Camboya, Canadá, China, Colombia, Corea del Sur, Croacia, El Salvador, Eslovaquia, Eslovenia, España, Estados Unidos de América, Filipinas, Francia, Guatemala, India, Indonesia, Italia, Japón, Marruecos, Myanmar, Nicaragua, Paraguay, Polonia, Portugal, Reino Unido, República Checa, Rumanía, Rusia, Serbia, Singapur, Sudáfrica, Suecia, Taiwán, Tailandia, Túnez, Turquía, Ucrania, Uruguay, Vietnam",TIER 1,"334410, 336320","Chiapas, Chihuahua, Coahuila, Colima, Durango, Guanajuato, Jalisco, Estado de México, Nuevo León, San Lusi Potosí, Sonora",61,"Arneses automotrices, distribución de energía, conectores, instrumentación.",COPARMEX Durango,1,TIER 1
CONDUMEX,México,"América, Europa (HQ en México)",TIER 1,"335920, 336320","Querétaro, Tlaxcala, Guanajuato",12,"Cables automotrices, arneses, componentes eléctricos y telecomunicaciones.","INA, Clúster Automotriz",2,TIER 1
Eaton,Estados Unidos / Irlanda,Global (HQ en Irlanda/EE.UU.),TIER 1,"336310, 336350","San Luis Potosí, Tamaulipas, Baja California, Querétaro",18,"Válvulas de motor, supercargadores, bloqueadores de diferencial, componentes de tren motriz.","INA, INDEX",2,TIER 1
Flextronics,Estados Unidos / Singapur,Global (HQ en Singapur/EE.UU.),EMS / Shelter / Servicios,334410,"Jalisco, Aguascalientes, Chihuahua, Baja California",12,"Manufactura electrónica por contrato (EMS), PCBA para módulos automotrices.","INDEX, CANIETI",2,Servicios / EMS
JAVID,Estados Unidos,"México, Estados Unidos (Norteamérica)",EMS / Shelter / Servicios,561320,Sonora,5,"Servicios de Shelter, gestión de recursos humanos y cumplimiento aduanero para plantas automotrices.",INDEX Sonora,2,Servicios / EMS
Johnson Controls,Estados Unidos / Irlanda,Global (HQ en EE.UU./Irlanda),TIER 1,335910,"Nuevo León, Tamaulipas, Estado de México",11,"Baterías automotrices (ahora Clarios), sistemas de climatización industrial.","INA, INDEX",2,TIER 1
LG Electronics,Corea del Sur,"Global (HQ Corea del Sur, >80 países)",EMS / Shelter / Servicios,"334410, 334111","Nuevo León, Tamaulipas, Baja California",4,"Displays automotrices (Vehicle Component Solutions), sistemas de infoentretenimiento, telemática, motores para EV.","INDEX, CANIETI",2,Servicios / EMS
NORTH AMERICAN PRODUCTION SHARING DE MÉXICO,Estados Unidos,"México, Estados Unidos",EMS / Shelter / Servicios,561110,"Baja California, Chihuahua, Guanajuato",10,"Servicios Shelter, administración de manufactura (NAPS) para empresas automotrices extranjeras.","INDEX, Clúster Automotriz",2,Servicios / EMS
PANASONIC,Japón,"Global (HQ Japón, >50 países)",EMS / Shelter / Servicios,334410,"Tamaulipas, Nuevo León, Baja California",5,"Sistemas de audio automotriz, componentes electrónicos, baterías, interruptores e infoentretenimiento.","INDEX, INA",2,Servicios / EMS
Sanmina SCI Systems,Estados Unidos,"Global (HQ EE.UU., >20 países)",EMS / Shelter / Servicios,334410,"Jalisco, Nuevo León, Tamaulipas",6,"Manufactura electrónica (EMS), ensambles de PCB (tarjetas de circuito impreso) para módulos de control automotriz.","INDEX, CANIETI, Clúster Automotriz",2,Servicios / EMS
SENSATA TECHNOLOGIES,Estados Unidos,Global (HQ en EE.UU.),TIER 2,334410,"Aguascalientes, Baja California",4,"Sensores de presión, temperatura, y posición, controladores.","INDEX, INA",2,TIER 2
TECMA,Estados Unidos,"México, Estados Unidos",EMS / Shelter / Servicios,561110,"Chihuahua, Baja California, Coahuila",35,"Servicios de Shelter, facilitando operaciones de manufactura, aduanas, RH y contabilidad para proveedores automotrices.",INDEX,2,Servicios / EMS
