id_unidad,nombre,codigo_scian,segmento,oem_grupo,en_resumen_2026,entidad,municipio,cvegeo_mun,latitud,longitud,clasif_denue,planta_inegi_cercana,dist_planta_inegi_km,es_planta_ensamble
81,AMERICAN COACH DE MEXICO,336120,pesado,,False,HIDALGO,Tepeapulco,13061,19.75749744,-98.59677886,Sin información,GIANT MOTORS LATINOAMERICA,0.27,True
208,AUTO CAMIONES DE MEXICO,336120,pesado,,False,SINALOA,Culiacán,25006,24.77519041,-107.4375634,Sin información,PLANTA DE ENSABLE DE VEHICULOS DE HERMOSILLO,583.96,False
285,BMB LATAM,336120,pesado,,False,QUERÉTARO,El Marqués,22011,20.5693364,-100.2889375,Tier 2,TOYOTA MOTOR MANUFACTURING DE GUANAJUATO,24.59,False
287,BMW,336110,ligero,BMW,True,SAN LUIS POTOSÍ,Villa de Reyes,24050,21.96039776,-100.8548193,Tier 1,BMW SLP ,0.0,True
427,COMPAS,336110,ligero,Nissan,True,AGUASCALIENTES,Aguascalientes,01001,21.7250846,-102.2874444,Sin información,COMPAS,0.0,True
531,DAIMLER,336120,pesado,,False,COAHUILA DE ZARAGOZA,Saltillo,05030,25.24536839,-101.1608114,Tier 1,PLANTA ENSAMBLE CAMIONES SALTILLO ,3.68,True
532,DAIMLER,336120,pesado,,False,COAHUILA DE ZARAGOZA,Saltillo,05030,25.42100031,-100.9992927,Tier 2,GENERAL MOTORS DE MEXICO,10.39,False
533,DAIMLER,336120,pesado,,False,COAHUILA DE ZARAGOZA,Saltillo,05030,25.2458071,-101.159133,Tier 2,PLANTA ENSAMBLE CAMIONES SALTILLO ,3.5,True
534,DAIMLER,336120,pesado,,False,COAHUILA DE ZARAGOZA,Saltillo,05030,25.24582563,-101.1590621,Tier 1,PLANTA ENSAMBLE CAMIONES SALTILLO ,3.49,True
535,DAIMLER,336120,pesado,,False,MÉXICO,Tlalnepantla de Baz,15104,19.52837184,-99.17556233,Tier 2,PLANTA DE ENSAMBLE DE VEHICULOS DE CUAUTITLAN IZCALLI,13.29,False
536,DAIMLER,336120,pesado,,False,MÉXICO,Tianguistenco,15101,19.16727114,-99.45711653,Tier 2,STELLANTIS PLANTA ENSAMBLE TOLUCA,20.71,False
537,DAIMLER,336120,pesado,,False,NUEVO LEÓN,García,19018,25.74782261,-100.5282433,Tier 2,GENERAL MOTORS DE MEXICO,51.5,False
538,DAIMLER,336120,pesado,,False,NUEVO LEÓN,García,19018,25.74802614,-100.5283257,Tier 2,GENERAL MOTORS DE MEXICO,51.5,False
568,DINA,336120,pesado,,False,HIDALGO,Tepeapulco,13061,19.76346508,-98.59067295,Sin información,GIANT MOTORS LATINOAMERICA,0.7,True
569,DINA,336120,pesado,,False,NUEVO LEÓN,Monterrey,19039,25.76982256,-100.3896151,Sin información,KIA MOTORS MÉXICO PLANTA PESQUERÍA,39.43,False
716,FAW CAR,336110,ligero,JAC,True,HIDALGO,Tepeapulco,13061,19.75819654,-98.59427771,Tier 2,GIANT MOTORS LATINOAMERICA,0.0,True
743,FORD MOTOR COMPANY,336110,ligero,Ford,True,MÉXICO,Cuautitlán Izcalli,15121,19.64641128,-99.19576106,Tier 2,PLANTA DE ENSAMBLE DE VEHICULOS DE CUAUTITLAN IZCALLI,0.0,True
744,FORD MOTOR COMPANY,336110,ligero,Ford,True,SONORA,Hermosillo,26030,29.01111661,-110.91995,Tier 2,PLANTA DE ENSABLE DE VEHICULOS DE HERMOSILLO,0.0,True
778,FOTON,336120,pesado,,False,JALISCO,Zapopan,14120,20.69414076,-103.4537594,Tier 1,HONDA DE MEXICO,30.9,False
817,GENERAL MOTORS,336110,ligero,General Motors,True,CIUDAD DE MÉXICO,Miguel Hidalgo,09016,19.43862544,-99.20411483,Tier 2,PLANTA DE ENSAMBLE DE VEHICULOS DE CUAUTITLAN IZCALLI,23.12,False
818,GENERAL MOTORS,336110,ligero,General Motors,True,GUANAJUATO,Silao de la Victoria,11037,20.95049746,-101.3903043,Tier 2,GENERAL MOTORS DE MEXICO,0.0,True
820,GENERAL MOTORS,336110,ligero,General Motors,True,QUERÉTARO,El Marqués,22011,20.6077034,-100.2163318,Tier 1,TOYOTA MOTOR MANUFACTURING DE GUANAJUATO,32.48,False
821,GENERAL MOTORS,336110,ligero,General Motors,True,SAN LUIS POTOSÍ,Villa de Reyes,24050,21.98666517,-100.8761833,Tier 2,GENERAL MOTORS DE MEXICO,0.0,True
923,HYUNDAI,336120,pesado,KIA / Hyundai,True,QUERÉTARO,Huimilpan,22008,20.5344157,-100.2493577,Tier 2,TOYOTA MOTOR MANUFACTURING DE GUANAJUATO,28.93,False
1022,KIA,336110,ligero,KIA / Hyundai,True,BAJA CALIFORNIA,Ensenada,02001,31.85480988,-116.617093,Sin información,TOYOTA BAJA CALIFORNIA,72.35,False
1023,KIA,336110,ligero,KIA / Hyundai,True,NUEVO LEÓN,Pesquería,19041,25.75675076,-99.99615961,Tier 2,KIA MOTORS MÉXICO PLANTA PESQUERÍA,0.0,True
1274,NISSAN,336110,ligero,Nissan,True,AGUASCALIENTES,Aguascalientes,01001,21.80792855,-102.2841901,Tier 2,NISSAN MEXICANA PLANTA AGUASCALIENTES 1 VEHICLES,0.53,True
1275,NISSAN,336110,ligero,Nissan,True,AGUASCALIENTES,Aguascalientes,01001,21.80321122,-102.2833818,Tier 2,NISSAN MEXICANA PLANTA AGUASCALIENTES 1 VEHICLES,0.0,True
1276,NISSAN,336110,ligero,Nissan,True,AGUASCALIENTES,Aguascalientes,01001,21.74198469,-102.2772896,Tier 2,NISSAN MEXICANA PLANTA AGUASCALIENTES 2,0.0,True
1277,NISSAN,336110,ligero,Nissan,True,COLIMA,Manzanillo,06007,19.0786358,-104.2888673,Tier 2,HONDA DE MEXICO,197.36,False
1278,NISSAN,336110,ligero,Nissan,True,CIUDAD DE MÉXICO,Álvaro Obregón,09010,19.35245562,-99.18571056,Tier 2,PLANTA DE ENSAMBLE DE VEHICULOS DE CUAUTITLAN IZCALLI,32.7,False
1279,NISSAN,336110,ligero,Nissan,True,CIUDAD DE MÉXICO,Benito Juárez,09014,19.35844493,-99.16122193,Tier 2,PLANTA DE ENSAMBLE DE VEHICULOS DE CUAUTITLAN IZCALLI,32.22,False
1280,NISSAN,336110,ligero,Nissan,True,MÉXICO,Toluca,15106,19.2871438,-99.56670869,Tier 2,STELLANTIS PLANTA ENSAMBLE TOLUCA,4.24,True
1281,NISSAN,336110,ligero,Nissan,True,MORELOS,Jiutepec,17011,18.91398053,-99.16353476,Tier 2,NISSAN MEXICANA PLANTA CIVAC,1.68,True
1282,NISSAN,336110,ligero,Nissan,True,MORELOS,Jiutepec,17011,18.88560422,-99.15677474,Tier 2,NISSAN MEXICANA PLANTA CIVAC,2.72,True
1283,NISSAN,336110,ligero,Nissan,True,MORELOS,Jiutepec,17011,18.90321908,-99.17470065,Tier 2,NISSAN MEXICANA PLANTA CIVAC,0.0,True
1610,STELLANTIS,336110,ligero,Stellantis,True,COAHUILA DE ZARAGOZA,Saltillo,05030,25.25492287,-101.1258112,Tier 1,PLANTA ENSAMBLE CAMIONES SALTILLO ,0.0,True
1612,STELLANTIS,336110,ligero,Stellantis,True,CIUDAD DE MÉXICO,Cuajimalpa de Morelos,09004,19.35655124,-99.27579778,Sin información,PLANTA DE ENSAMBLE DE VEHICULOS DE CUAUTITLAN IZCALLI,33.3,False
1614,STELLANTIS,336110,ligero,Stellantis,True,MÉXICO,Toluca,15106,19.28818816,-99.60612588,Tier 1,STELLANTIS PLANTA ENSAMBLE TOLUCA,0.1,True
1756,TOYOTA,336110,ligero,Toyota,True,BAJA CALIFORNIA,Tijuana,02004,32.50003603,-116.7161689,Tier 2,TOYOTA BAJA CALIFORNIA,0.0,True
1862,VOLKSWAGEN,336110,ligero,Volkswagen,True,PUEBLA,Puebla,21114,19.11673951,-98.22752974,Tier 2,VOLKSWAGEN DE MEXICO,2.98,True
1863,VOLKSWAGEN,336110,ligero,Volkswagen,True,PUEBLA,Puebla,21114,19.08716004,-98.15501636,Tier 2,VOLKSWAGEN DE MEXICO,11.17,False
1864,VOLKSWAGEN,336110,ligero,Volkswagen,True,PUEBLA,Coronango,21034,19.12004429,-98.2653233,Tier 2,VOLKSWAGEN DE MEXICO,0.0,True
1867,VOLKSWAGEN,336110,ligero,Volkswagen,True,PUEBLA,Cuautlancingo,21041,19.11953409,-98.25570173,Tier 2,VOLKSWAGEN DE MEXICO,0.0,True
1868,VOLKSWAGEN,336120,pesado,Volkswagen,True,QUERÉTARO,El Marqués,22011,20.5645691,-100.2837881,Tier 2,TOYOTA MOTOR MANUFACTURING DE GUANAJUATO,25.13,False
1869,VOLKSWAGEN,336120,pesado,Volkswagen,True,QUERÉTARO,Colón,22005,20.58163527,-100.1964477,Tier 2,TOYOTA MOTOR MANUFACTURING DE GUANAJUATO,34.26,False
1872,VOLVO BUSES,336120,pesado,,False,MÉXICO,Tultepec,15108,19.64993188,-99.13546513,Tier 2,PLANTA DE ENSAMBLE DE VEHICULOS DE CUAUTITLAN IZCALLI,6.33,False
